side_hustle_idea,description,category,initial_investment,required_skills_or_qualifications,combined_text
Academic writing and editing services,"Assist students and professionals in refining their written work, providing editing, proofreading, and content suggestions for essays, reports, and other documents, charging on a per-project or per-page basis.",Education and Tutoring,Low ($0-$500)($0-$500),"Social media proficiency, content creation, analytics understanding","Idea: Academic writing and editing services. Description: Assist students and professionals in refining their written work, providing editing, proofreading, and content suggestions for essays, reports, and other documents, charging on a per-project or per-page basis.. Category: Education and Tutoring. Investment: Low ($0-$500)($0-$500). Skills: Social media proficiency, content creation, analytics understanding"
"Adult education classes (e.g., computer literacy, financial planning)","Offer classes in topics such as computer literacy, financial planning, and cooking to adults seeking to learn new skills or hobbies, charging a fee for enrollment in each class.",Education and Tutoring,Low ($0-$500)($0-$500),"Marketing expertise, analytical skills, strategic thinking","Idea: Adult education classes (e.g., computer literacy, financial planning). Description: Offer classes in topics such as computer literacy, financial planning, and cooking to adults seeking to learn new skills or hobbies, charging a fee for enrollment in each class.. Category: Education and Tutoring. Investment: Low ($0-$500)($0-$500). Skills: Marketing expertise, analytical skills, strategic thinking"
Artisan marketplace platform,"Create a platform for local or handmade artisans to sell their products, charging fees or commissions on each sale facilitated through the platform.",E-Commerce and Sales,Medium ($500-$2000)($500-$2000),"Organizational skills, tech-savviness, communication abilities","Idea: Artisan marketplace platform. Description: Create a platform for local or handmade artisans to sell their products, charging fees or commissions on each sale facilitated through the platform.. Category: E-Commerce and Sales. Investment: Medium ($500-$2000)($500-$2000). Skills: Organizational skills, tech-savviness, communication abilities"
Beauty products online store,"Curate and sell a selection of beauty and skincare products, charging a markup on each product to cover costs and generate profit.",E-Commerce and Sales,Low ($0-$500)($0-$500),"Copywriting, email platform knowledge, basic design skills","Idea: Beauty products online store. Description: Curate and sell a selection of beauty and skincare products, charging a markup on each product to cover costs and generate profit.. Category: E-Commerce and Sales. Investment: Low ($0-$500)($0-$500). Skills: Copywriting, email platform knowledge, basic design skills"
Branding strategy consulting,"Charge clients for branding strategy consulting services, helping businesses define and strengthen their brand identity through strategic guidance on brand positioning, messaging, and visual elements.",Business Services,Medium ($500-$2000)($500-$2000),"Photography skills, photo editing proficiency","Idea: Branding strategy consulting. Description: Charge clients for branding strategy consulting services, helping businesses define and strengthen their brand identity through strategic guidance on brand positioning, messaging, and visual elements.. Category: Business Services. Investment: Medium ($500-$2000)($500-$2000). Skills: Photography skills, photo editing proficiency"
Career counseling services,"Provide career guidance and counseling to individuals seeking job transitions or advancement, offering services such as resume review, interview preparation, and job search strategies for a fee.",Education and Tutoring,Medium ($500-$2000)($500-$2000),"Expertise in subject matter, teaching ability, video production skills","Idea: Career counseling services. Description: Provide career guidance and counseling to individuals seeking job transitions or advancement, offering services such as resume review, interview preparation, and job search strategies for a fee.. Category: Education and Tutoring. Investment: Medium ($500-$2000)($500-$2000). Skills: Expertise in subject matter, teaching ability, video production skills"
Coding and programming classes,"Teach beginners the basics of coding and programming languages through structured classes or workshops, helping them build technical skills and charge a fee for each class or course.",Education and Tutoring,Medium ($500-$2000)($500-$2000),"Marketing knowledge, creative thinking, business acumen","Idea: Coding and programming classes. Description: Teach beginners the basics of coding and programming languages through structured classes or workshops, helping them build technical skills and charge a fee for each class or course.. Category: Education and Tutoring. Investment: Medium ($500-$2000)($500-$2000). Skills: Marketing knowledge, creative thinking, business acumen"
College admissions consulting,"Guide students through the college admissions process, including essay editing, application strategy, and interview preparation, providing comprehensive consulting services for a fee.",Education and Tutoring,Medium ($500-$2000)($500-$2000),"Networking skills, social media expertise, negotiation abilities","Idea: College admissions consulting. Description: Guide students through the college admissions process, including essay editing, application strategy, and interview preparation, providing comprehensive consulting services for a fee.. Category: Education and Tutoring. Investment: Medium ($500-$2000)($500-$2000). Skills: Networking skills, social media expertise, negotiation abilities"
Creative upcycling and repurposing services for furniture and home decor items,"Offer creative upcycling and repurposing services for furniture and home decor items, transforming outdated pieces into unique and stylish creations for sale or custom orders.",Creative Services,High ($2000+)($2000+),"Coding skills (HTML, CSS, JavaScript), web design knowledge","Idea: Creative upcycling and repurposing services for furniture and home decor items. Description: Offer creative upcycling and repurposing services for furniture and home decor items, transforming outdated pieces into unique and stylish creations for sale or custom orders.. Category: Creative Services. Investment: High ($2000+)($2000+). Skills: Coding skills (HTML, CSS, JavaScript), web design knowledge"
Custom calligraphy and hand-lettering services,"Charge clients for creating personalized and beautifully hand-lettered designs for special occasions like weddings, events, or home decor items.",Creative Services,Medium ($500-$2000)($500-$2000),"Design software proficiency, creativity, understanding of social media platforms","Idea: Custom calligraphy and hand-lettering services. Description: Charge clients for creating personalized and beautifully hand-lettered designs for special occasions like weddings, events, or home decor items.. Category: Creative Services. Investment: Medium ($500-$2000)($500-$2000). Skills: Design software proficiency, creativity, understanding of social media platforms"
Custom clothing alterations and embellishments,"Provide custom clothing alterations and embellishments services for individuals looking to personalize their wardrobe, charging fees based on the alterations and design complexity.",Creative Services,Low ($0-$500)($0-$500),"Strong writing skills, research abilities, SEO knowledge","Idea: Custom clothing alterations and embellishments. Description: Provide custom clothing alterations and embellishments services for individuals looking to personalize their wardrobe, charging fees based on the alterations and design complexity.. Category: Creative Services. Investment: Low ($0-$500)($0-$500). Skills: Strong writing skills, research abilities, SEO knowledge"
Custom digital illustrations for books or publications,"Offer custom digital illustrations for books, magazines, or online publications, charging clients on a per-project basis or through licensing agreements.",Creative Services,Medium ($500-$2000)($500-$2000),"Design skills, user psychology understanding, prototyping abilities","Idea: Custom digital illustrations for books or publications. Description: Offer custom digital illustrations for books, magazines, or online publications, charging clients on a per-project basis or through licensing agreements.. Category: Creative Services. Investment: Medium ($500-$2000)($500-$2000). Skills: Design skills, user psychology understanding, prototyping abilities"
Custom portrait illustrations,"Offer custom digital illustrations for personal or professional use, charging fees based on the size, complexity, and medium of the artwork.",Creative Services,Medium ($500-$2000)($500-$2000),"E-commerce platform knowledge, SEO skills, basic web design","Idea: Custom portrait illustrations. Description: Offer custom digital illustrations for personal or professional use, charging fees based on the size, complexity, and medium of the artwork.. Category: Creative Services. Investment: Medium ($500-$2000)($500-$2000). Skills: E-commerce platform knowledge, SEO skills, basic web design"
Custom wall murals and art installations,"Create custom wall murals and art installations for homes, offices, or public spaces, charging clients based on the size, complexity, and materials used.",Creative Services,Medium ($500-$2000)($500-$2000),"Digital advertising expertise, analytics skills, budget management","Idea: Custom wall murals and art installations. Description: Create custom wall murals and art installations for homes, offices, or public spaces, charging clients based on the size, complexity, and materials used.. Category: Creative Services. Investment: Medium ($500-$2000)($500-$2000). Skills: Digital advertising expertise, analytics skills, budget management"
Customized vinyl decals and stickers,"Design and sell custom vinyl decals and stickers for personalization and branding purposes, earning income through online sales or partnerships with retailers.",Creative Services,Medium ($500-$2000)($500-$2000),"SEO knowledge, analytical skills, content creation abilities","Idea: Customized vinyl decals and stickers. Description: Design and sell custom vinyl decals and stickers for personalization and branding purposes, earning income through online sales or partnerships with retailers.. Category: Creative Services. Investment: Medium ($500-$2000)($500-$2000). Skills: SEO knowledge, analytical skills, content creation abilities"
Customized wedding signage and paper goods,"Create custom wedding signage and paper goods such as invitations, programs, and signs, charging clients for design services and printing costs.",Creative Services,Low ($0-$500)($0-$500),"Strong writing and editing skills, SEO knowledge","Idea: Customized wedding signage and paper goods. Description: Create custom wedding signage and paper goods such as invitations, programs, and signs, charging clients for design services and printing costs.. Category: Creative Services. Investment: Low ($0-$500)($0-$500). Skills: Strong writing and editing skills, SEO knowledge"
Digital content writing and editing,"Make money by providing digital content writing and editing services to clients, charging for creating compelling and SEO-optimized content for websites, blogs, and online platforms.",Business Services,Medium ($500-$2000)($500-$2000),"Social media platform knowledge, advertising expertise, analytics skills","Idea: Digital content writing and editing. Description: Make money by providing digital content writing and editing services to clients, charging for creating compelling and SEO-optimized content for websites, blogs, and online platforms.. Category: Business Services. Investment: Medium ($500-$2000)($500-$2000). Skills: Social media platform knowledge, advertising expertise, analytics skills"
Digital downloads store,"Create and sell digital products such as e-books, printables, or templates, earning revenue through sales without the need for physical inventory or shipping.",E-Commerce and Sales,Medium ($500-$2000)($500-$2000),"Public speaking skills, tech-savviness, content creation abilities","Idea: Digital downloads store. Description: Create and sell digital products such as e-books, printables, or templates, earning revenue through sales without the need for physical inventory or shipping.. Category: E-Commerce and Sales. Investment: Medium ($500-$2000)($500-$2000). Skills: Public speaking skills, tech-savviness, content creation abilities"
Digital marketing consulting,"As a digital marketing consultant, you can earn income by providing businesses with personalized guidance on optimizing their marketing efforts, charging either hourly rates or project-based fees for your expertise.",Business Services,Medium ($500-$2000)($500-$2000),"PR skills, crisis management abilities, social media expertise","Idea: Digital marketing consulting. Description: As a digital marketing consultant, you can earn income by providing businesses with personalized guidance on optimizing their marketing efforts, charging either hourly rates or project-based fees for your expertise.. Category: Business Services. Investment: Medium ($500-$2000)($500-$2000). Skills: PR skills, crisis management abilities, social media expertise"
Digital product design and development,"Charge clients for digital product design and development services, earning income through project-based fees for designing and developing digital products, such as apps, software, or digital content.",Business Services,Medium ($500-$2000)($500-$2000),"Design skills, coding abilities, user experience knowledge","Idea: Digital product design and development. Description: Charge clients for digital product design and development services, earning income through project-based fees for designing and developing digital products, such as apps, software, or digital content.. Category: Business Services. Investment: Medium ($500-$2000)($500-$2000). Skills: Design skills, coding abilities, user experience knowledge"
Digital product photography,"By providing digital product photography services, you can charge clients for high-quality images of their products, either on a per-project basis or through packages that include multiple images.",Business Services,Low ($0-$500)($0-$500),"Organizational skills, time management, proficiency in office software","Idea: Digital product photography. Description: By providing digital product photography services, you can charge clients for high-quality images of their products, either on a per-project basis or through packages that include multiple images.. Category: Business Services. Investment: Low ($0-$500)($0-$500). Skills: Organizational skills, time management, proficiency in office software"
DIY craft kits and workshops,"Create and sell DIY craft kits or host workshops for crafting enthusiasts, earning revenue through kit sales, workshop fees, and materials.",Creative Services,Medium ($500-$2000)($500-$2000),"Writing skills, knowledge of publishing platforms, marketing abilities","Idea: DIY craft kits and workshops. Description: Create and sell DIY craft kits or host workshops for crafting enthusiasts, earning revenue through kit sales, workshop fees, and materials.. Category: Creative Services. Investment: Medium ($500-$2000)($500-$2000). Skills: Writing skills, knowledge of publishing platforms, marketing abilities"
Dropshipping store,"Start an online store where customers purchase products that are then shipped directly from the supplier, allowing you to make a profit on the price difference without handling inventory or shipping.",E-Commerce and Sales,Low ($0-$500)($0-$500),"Communication skills, conflict resolution abilities, platform knowledge","Idea: Dropshipping store. Description: Start an online store where customers purchase products that are then shipped directly from the supplier, allowing you to make a profit on the price difference without handling inventory or shipping.. Category: E-Commerce and Sales. Investment: Low ($0-$500)($0-$500). Skills: Communication skills, conflict resolution abilities, platform knowledge"
E-commerce store setup and optimization,"Generate revenue by setting up and optimizing e-commerce websites for clients, charging fees for website setup, customization, product listings, and ongoing optimization services.",Business Services,Low ($0-$500)($0-$500),"Calligraphy skills, artistic abilities","Idea: E-commerce store setup and optimization. Description: Generate revenue by setting up and optimizing e-commerce websites for clients, charging fees for website setup, customization, product listings, and ongoing optimization services.. Category: Business Services. Investment: Low ($0-$500)($0-$500). Skills: Calligraphy skills, artistic abilities"
eBook writing and publishing,"Earn revenue by offering eBook writing and publishing services, charging fees for creating, formatting, and publishing eBooks on behalf of clients or yourself to sell to a target audience.",Business Services,Medium ($500-$2000)($500-$2000),"Graphic design skills, knowledge of printing processes","Idea: eBook writing and publishing. Description: Earn revenue by offering eBook writing and publishing services, charging fees for creating, formatting, and publishing eBooks on behalf of clients or yourself to sell to a target audience.. Category: Business Services. Investment: Medium ($500-$2000)($500-$2000). Skills: Graphic design skills, knowledge of printing processes"
Elderly care and companionship,"Provide companionship and assistance to elderly individuals, offering services such as companionship, transportation, and errand running, charging an hourly rate for caregiving services.",Home and Lifestyle Services,Medium ($500-$2000)($500-$2000),"Artistic skills, digital illustration abilities","Idea: Elderly care and companionship. Description: Provide companionship and assistance to elderly individuals, offering services such as companionship, transportation, and errand running, charging an hourly rate for caregiving services.. Category: Home and Lifestyle Services. Investment: Medium ($500-$2000)($500-$2000). Skills: Artistic skills, digital illustration abilities"
Email marketing services,"Earn money by offering email marketing services to clients, charging either a monthly retainer or per-campaign fee for creating and executing email marketing campaigns that drive engagement and conversions.",Business Services,Low ($0-$500)($0-$500),"Design skills, typography knowledge","Idea: Email marketing services. Description: Earn money by offering email marketing services to clients, charging either a monthly retainer or per-campaign fee for creating and executing email marketing campaigns that drive engagement and conversions.. Category: Business Services. Investment: Low ($0-$500)($0-$500). Skills: Design skills, typography knowledge"
Event invitation design,"Provide event invitation design services for weddings, parties, and special events, charging clients design fees per invitation or package rates for multiple designs.",Creative Services,Low ($0-$500)($0-$500),"Crafting skills, artistic abilities","Idea: Event invitation design. Description: Provide event invitation design services for weddings, parties, and special events, charging clients design fees per invitation or package rates for multiple designs.. Category: Creative Services. Investment: Low ($0-$500)($0-$500). Skills: Crafting skills, artistic abilities"
Event planning and coordination,"Assist clients with planning and organizing special events and occasions, offering services such as event design, vendor coordination, and day-of event management, charging a fee based on the event's size and complexity.",Home and Lifestyle Services,Medium ($500-$2000)($500-$2000),"Illustration skills, digital art proficiency","Idea: Event planning and coordination. Description: Assist clients with planning and organizing special events and occasions, offering services such as event design, vendor coordination, and day-of event management, charging a fee based on the event's size and complexity.. Category: Home and Lifestyle Services. Investment: Medium ($500-$2000)($500-$2000). Skills: Illustration skills, digital art proficiency"
Freelance content writing,"Make money by offering content creation services for blogs and websites, charging clients for SEO-optimized articles, blog posts, and website content that drive traffic and engagement.",Business Services,Medium ($500-$2000)($500-$2000),"Photo editing skills, attention to detail","Idea: Freelance content writing. Description: Make money by offering content creation services for blogs and websites, charging clients for SEO-optimized articles, blog posts, and website content that drive traffic and engagement.. Category: Business Services. Investment: Medium ($500-$2000)($500-$2000). Skills: Photo editing skills, attention to detail"
Furniture assembly and installation,"Assemble and install furniture pieces for clients who need assistance with furniture setup, charging a fee per item or per project for furniture assembly services.",Home and Lifestyle Services,Low ($0-$500)($0-$500),"Creativity, attention to detail, gift wrapping skills","Idea: Furniture assembly and installation. Description: Assemble and install furniture pieces for clients who need assistance with furniture setup, charging a fee per item or per project for furniture assembly services.. Category: Home and Lifestyle Services. Investment: Low ($0-$500)($0-$500). Skills: Creativity, attention to detail, gift wrapping skills"
Gardening and landscaping,"Create beautiful outdoor spaces by offering gardening and landscaping services, including plant care, lawn maintenance, and garden design, charging per project or on hourly rates.",Home and Lifestyle Services,Low ($0-$500)($0-$500),"Design skills, typography knowledge, branding understanding","Idea: Gardening and landscaping. Description: Create beautiful outdoor spaces by offering gardening and landscaping services, including plant care, lawn maintenance, and garden design, charging per project or on hourly rates.. Category: Home and Lifestyle Services. Investment: Low ($0-$500)($0-$500). Skills: Design skills, typography knowledge, branding understanding"
Gift basket design and assembly,"Offer creative gift basket design and assembly services for special occasions, charging clients for the products included and your design services.",Creative Services,High ($2000+)($2000+),"Artistic skills, large-scale painting abilities","Idea: Gift basket design and assembly. Description: Offer creative gift basket design and assembly services for special occasions, charging clients for the products included and your design services.. Category: Creative Services. Investment: High ($2000+)($2000+). Skills: Artistic skills, large-scale painting abilities"
Graphic design for social media,"Monetize your graphic design skills for social media by charging clients for creating custom graphics for their social media platforms, offering packages or hourly rates for your design services.",Business Services,High ($2000+)($2000+),"Jewelry making skills, design abilities","Idea: Graphic design for social media. Description: Monetize your graphic design skills for social media by charging clients for creating custom graphics for their social media platforms, offering packages or hourly rates for your design services.. Category: Business Services. Investment: High ($2000+)($2000+). Skills: Jewelry making skills, design abilities"
Green cleaning and eco-services,"Offer environmentally-friendly cleaning services using eco-friendly products and practices, attracting clients interested in green lifestyles and charging for cleaning services with a green focus.",Home and Lifestyle Services,High ($2000+)($2000+),"Design skills, knowledge of vinyl cutting techniques","Idea: Green cleaning and eco-services. Description: Offer environmentally-friendly cleaning services using eco-friendly products and practices, attracting clients interested in green lifestyles and charging for cleaning services with a green focus.. Category: Home and Lifestyle Services. Investment: High ($2000+)($2000+). Skills: Design skills, knowledge of vinyl cutting techniques"
Handmade crafts store,"Sell unique handmade items created by you or other artisans, charging a markup on the materials and labor costs to generate revenue.",E-Commerce and Sales,High ($2000+)($2000+),"Creativity, aesthetic sense, sourcing abilities","Idea: Handmade crafts store. Description: Sell unique handmade items created by you or other artisans, charging a markup on the materials and labor costs to generate revenue.. Category: E-Commerce and Sales. Investment: High ($2000+)($2000+). Skills: Creativity, aesthetic sense, sourcing abilities"
Handmade greeting cards and stationery,"Create and sell handmade greeting cards and stationery products online or at local markets, earning revenue through product sales.",Creative Services,High ($2000+)($2000+),"Crafting skills, teaching abilities","Idea: Handmade greeting cards and stationery. Description: Create and sell handmade greeting cards and stationery products online or at local markets, earning revenue through product sales.. Category: Creative Services. Investment: High ($2000+)($2000+). Skills: Crafting skills, teaching abilities"
Handmade jewelry design and creation,"Design and create handmade jewelry pieces to sell online or at craft fairs, earning revenue through product sales.",Creative Services,High ($2000+)($2000+),"Event planning skills, design abilities, attention to detail","Idea: Handmade jewelry design and creation. Description: Design and create handmade jewelry pieces to sell online or at craft fairs, earning revenue through product sales.. Category: Creative Services. Investment: High ($2000+)($2000+). Skills: Event planning skills, design abilities, attention to detail"
Health and wellness coaching,"Offer coaching services to individuals looking to improve their overall health and well-being, providing guidance on nutrition, fitness, and lifestyle habits, and charging for personalized coaching packages.",Education and Tutoring,High ($2000+)($2000+),"Crafting skills, personalization techniques knowledge","Idea: Health and wellness coaching. Description: Offer coaching services to individuals looking to improve their overall health and well-being, providing guidance on nutrition, fitness, and lifestyle habits, and charging for personalized coaching packages.. Category: Education and Tutoring. Investment: High ($2000+)($2000+). Skills: Crafting skills, personalization techniques knowledge"
Holiday decorating services,"Help clients decorate their homes for holidays and special occasions, offering seasonal decorating services and charging for decoration setup and removal based on the scope of the project.",Home and Lifestyle Services,Medium ($500-$2000)($500-$2000),"Interior design knowledge, visualization skills","Idea: Holiday decorating services. Description: Help clients decorate their homes for holidays and special occasions, offering seasonal decorating services and charging for decoration setup and removal based on the scope of the project.. Category: Home and Lifestyle Services. Investment: Medium ($500-$2000)($500-$2000). Skills: Interior design knowledge, visualization skills"
Home cleaning and housekeeping,"Provide thorough cleaning and maintenance services for residential properties, charging an hourly rate or a flat fee for regular cleaning services and deep cleaning projects.",Home and Lifestyle Services,High ($2000+)($2000+),"Design skills, knowledge of wedding industry","Idea: Home cleaning and housekeeping. Description: Provide thorough cleaning and maintenance services for residential properties, charging an hourly rate or a flat fee for regular cleaning services and deep cleaning projects.. Category: Home and Lifestyle Services. Investment: High ($2000+)($2000+). Skills: Design skills, knowledge of wedding industry"
Home decor online shop,"Sell a variety of home decor and interior design products, earning a profit margin on each item sold by leveraging trends and unique design offerings.",E-Commerce and Sales,High ($2000+)($2000+),"Sewing skills, fashion design knowledge","Idea: Home decor online shop. Description: Sell a variety of home decor and interior design products, earning a profit margin on each item sold by leveraging trends and unique design offerings.. Category: E-Commerce and Sales. Investment: High ($2000+)($2000+). Skills: Sewing skills, fashion design knowledge"
Home organization and decluttering,"Help clients streamline their living spaces and organize their belongings efficiently, charging a fee for consultation, hands-on organizing, and personalized organization plans.",Home and Lifestyle Services,Medium ($500-$2000)($500-$2000),"DIY skills, creativity, knowledge of materials","Idea: Home organization and decluttering. Description: Help clients streamline their living spaces and organize their belongings efficiently, charging a fee for consultation, hands-on organizing, and personalized organization plans.. Category: Home and Lifestyle Services. Investment: Medium ($500-$2000)($500-$2000). Skills: DIY skills, creativity, knowledge of materials"
Home repair and maintenance,"Provide handyman services and home repairs, including basic plumbing, electrical work, and general maintenance tasks, charging a fee per project or hourly for service.",Home and Lifestyle Services,Low ($0-$500)($0-$500),"Expertise in subject area, teaching skills","Idea: Home repair and maintenance. Description: Provide handyman services and home repairs, including basic plumbing, electrical work, and general maintenance tasks, charging a fee per project or hourly for service.. Category: Home and Lifestyle Services. Investment: Low ($0-$500)($0-$500). Skills: Expertise in subject area, teaching skills"
Home staging for real estate,"Prepare homes for sale by showcasing them in the best light to attract buyers, charging a fee for staging services that enhance the property's appeal and market value.",Home and Lifestyle Services,Low ($0-$500)($0-$500),"Knowledge of specific tests, teaching abilities","Idea: Home staging for real estate. Description: Prepare homes for sale by showcasing them in the best light to attract buyers, charging a fee for staging services that enhance the property's appeal and market value.. Category: Home and Lifestyle Services. Investment: Low ($0-$500)($0-$500). Skills: Knowledge of specific tests, teaching abilities"
Home tech support,"Assist clients with troubleshooting technology issues and setting up home electronics and gadgets, offering tech support services and charging a fee per visit or per tech support task.",Home and Lifestyle Services,Low ($0-$500)($0-$500),"Strong writing and editing skills, academic knowledge","Idea: Home tech support. Description: Assist clients with troubleshooting technology issues and setting up home electronics and gadgets, offering tech support services and charging a fee per visit or per tech support task.. Category: Home and Lifestyle Services. Investment: Low ($0-$500)($0-$500). Skills: Strong writing and editing skills, academic knowledge"
Homework help for K-12 students,"Assist K-12 students with their homework assignments, offering guidance and support in completing tasks in various subjects, charging an hourly rate or per session for tutoring services.",Education and Tutoring,Low ($0-$500)($0-$500),"Fluency in target language, teaching skills","Idea: Homework help for K-12 students. Description: Assist K-12 students with their homework assignments, offering guidance and support in completing tasks in various subjects, charging an hourly rate or per session for tutoring services.. Category: Education and Tutoring. Investment: Low ($0-$500)($0-$500). Skills: Fluency in target language, teaching skills"
Influencer management services,"Collaborate with influencers and earn money by helping them secure and manage sponsored content deals, affiliate marketing partnerships, or brand collaborations that promote products or services to a larger audience.",Business Services,Low ($0-$500)($0-$500),"Knowledge of learning techniques, coaching abilities","Idea: Influencer management services. Description: Collaborate with influencers and earn money by helping them secure and manage sponsored content deals, affiliate marketing partnerships, or brand collaborations that promote products or services to a larger audience.. Category: Business Services. Investment: Low ($0-$500)($0-$500). Skills: Knowledge of learning techniques, coaching abilities"
Interior design consultations,"Provide professional design advice and solutions for clients looking to enhance their interiors, charging for design consultations, mood boards, and recommendations for furniture and decor.",Home and Lifestyle Services,Medium ($500-$2000)($500-$2000),"Proficiency in instrument, teaching skills","Idea: Interior design consultations. Description: Provide professional design advice and solutions for clients looking to enhance their interiors, charging for design consultations, mood boards, and recommendations for furniture and decor.. Category: Home and Lifestyle Services. Investment: Medium ($500-$2000)($500-$2000). Skills: Proficiency in instrument, teaching skills"
Interior design mood boards and styling consultations,"Offer interior design mood boards and styling consultations for clients seeking design inspiration, charging fees for your design services and recommendations.",Creative Services,Low ($0-$500)($0-$500),"Knowledge of K-12 subjects, patience, teaching abilities","Idea: Interior design mood boards and styling consultations. Description: Offer interior design mood boards and styling consultations for clients seeking design inspiration, charging fees for your design services and recommendations.. Category: Creative Services. Investment: Low ($0-$500)($0-$500). Skills: Knowledge of K-12 subjects, patience, teaching abilities"
"Language tutoring (e.g., ESL)","Teach language learners through tailored lessons and conversation practice, helping them improve their language skills and fluency, and charge for tutoring services based on the number of lessons or hours.",Education and Tutoring,Medium ($500-$2000)($500-$2000),"Coding skills, teaching abilities","Idea: Language tutoring (e.g., ESL). Description: Teach language learners through tailored lessons and conversation practice, helping them improve their language skills and fluency, and charge for tutoring services based on the number of lessons or hours.. Category: Education and Tutoring. Investment: Medium ($500-$2000)($500-$2000). Skills: Coding skills, teaching abilities"
Laundry and ironing services,"Provide laundry washing, drying, folding, and ironing services for clients who need help with their laundry tasks, charging per load or by the hour for laundry services.",Home and Lifestyle Services,Low ($0-$500)($0-$500),"Knowledge of college admissions process, counseling skills","Idea: Laundry and ironing services. Description: Provide laundry washing, drying, folding, and ironing services for clients who need help with their laundry tasks, charging per load or by the hour for laundry services.. Category: Home and Lifestyle Services. Investment: Low ($0-$500)($0-$500). Skills: Knowledge of college admissions process, counseling skills"
Merchandise design,"Collaborate with businesses or individuals to design custom graphics for merchandise, and earn income through design fees or royalties on sales.",Creative Services,Low ($0-$500)($0-$500),"Expertise in subject area, teaching abilities","Idea: Merchandise design. Description: Collaborate with businesses or individuals to design custom graphics for merchandise, and earn income through design fees or royalties on sales.. Category: Creative Services. Investment: Low ($0-$500)($0-$500). Skills: Expertise in subject area, teaching abilities"
"Music lessons (e.g., piano, guitar, violin)","Provide one-on-one music lessons to students of all ages, teaching them how to play an instrument or improve their musical skills, and charge a fee for individual sessions or lesson packages.",Education and Tutoring,Low ($0-$500)($0-$500),"Public speaking skills, coaching abilities","Idea: Music lessons (e.g., piano, guitar, violin). Description: Provide one-on-one music lessons to students of all ages, teaching them how to play an instrument or improve their musical skills, and charge a fee for individual sessions or lesson packages.. Category: Education and Tutoring. Investment: Low ($0-$500)($0-$500). Skills: Public speaking skills, coaching abilities"
Online advertising management,"Offer online advertising campaigns management services and earn money by charging clients for managing and optimizing their online ad campaigns, earning a percentage of the ad spend or charging a flat fee.",Business Services,Low ($0-$500)($0-$500),"STEM knowledge, teaching skills","Idea: Online advertising management. Description: Offer online advertising campaigns management services and earn money by charging clients for managing and optimizing their online ad campaigns, earning a percentage of the ad spend or charging a flat fee.. Category: Business Services. Investment: Low ($0-$500)($0-$500). Skills: STEM knowledge, teaching skills"
Online community management,"Build and manage online communities for businesses or organizations, and earn money through membership fees, sponsored content, and partnerships with brands looking to reach your engaged community.",Business Services,Low ($0-$500)($0-$500),"Health and wellness knowledge, coaching skills","Idea: Online community management. Description: Build and manage online communities for businesses or organizations, and earn money through membership fees, sponsored content, and partnerships with brands looking to reach your engaged community.. Category: Business Services. Investment: Low ($0-$500)($0-$500). Skills: Health and wellness knowledge, coaching skills"
Online course creation and consulting,"Create online courses and earn revenue through course sales, subscriptions, or membership fees, leveraging your expertise to provide valuable educational content to a wide audience.",Business Services,Low ($0-$500)($0-$500),"Career development knowledge, counseling skills","Idea: Online course creation and consulting. Description: Create online courses and earn revenue through course sales, subscriptions, or membership fees, leveraging your expertise to provide valuable educational content to a wide audience.. Category: Business Services. Investment: Low ($0-$500)($0-$500). Skills: Career development knowledge, counseling skills"
Online electronics resale,"Buy and resell used electronics or gadgets online, charging a higher price than the purchase cost to make a profit on each sale.",E-Commerce and Sales,Medium ($500-$2000)($500-$2000),"E-commerce skills, product sourcing abilities","Idea: Online electronics resale. Description: Buy and resell used electronics or gadgets online, charging a higher price than the purchase cost to make a profit on each sale.. Category: E-Commerce and Sales. Investment: Medium ($500-$2000)($500-$2000). Skills: E-commerce skills, product sourcing abilities"
Online reputation management,"Generate income by offering online reputation management services to businesses, charging fees for monitoring online reputation, responding to reviews, and implementing strategies to enhance brand perception.",Business Services,Medium ($500-$2000)($500-$2000),"Design skills, e-commerce knowledge","Idea: Online reputation management. Description: Generate income by offering online reputation management services to businesses, charging fees for monitoring online reputation, responding to reviews, and implementing strategies to enhance brand perception.. Category: Business Services. Investment: Medium ($500-$2000)($500-$2000). Skills: Design skills, e-commerce knowledge"
"Online subject tutoring (e.g., math, science, language)","Offer personalized online tutoring sessions to students seeking help in specific subjects, charging an hourly rate or session fees for expertise and support.",Education and Tutoring,High ($2000+)($2000+),"Crafting skills, e-commerce abilities","Idea: Online subject tutoring (e.g., math, science, language). Description: Offer personalized online tutoring sessions to students seeking help in specific subjects, charging an hourly rate or session fees for expertise and support.. Category: Education and Tutoring. Investment: High ($2000+)($2000+). Skills: Crafting skills, e-commerce abilities"
Online survey and market research services,"Design surveys, conduct data analysis, and provide actionable insights for businesses; charge based on project scope or offer subscription services.",Miscellaneous,High ($2000+)($2000+),"Fashion knowledge, sourcing abilities","Idea: Online survey and market research services. Description: Design surveys, conduct data analysis, and provide actionable insights for businesses; charge based on project scope or offer subscription services.. Category: Miscellaneous. Investment: High ($2000+)($2000+). Skills: Fashion knowledge, sourcing abilities"
Online thrift store,"Sell second-hand or thrifted items at a markup, leveraging the appeal of sustainable shopping and unique finds to generate income.",E-Commerce and Sales,High ($2000+)($2000+),"Curation skills, e-commerce knowledge","Idea: Online thrift store. Description: Sell second-hand or thrifted items at a markup, leveraging the appeal of sustainable shopping and unique finds to generate income.. Category: E-Commerce and Sales. Investment: High ($2000+)($2000+). Skills: Curation skills, e-commerce knowledge"
Online travel planning and itinerary creation,"Curate personalized travel itineraries, charging for customized plans or earning commissions through affiliate partnerships.",Miscellaneous,High ($2000+)($2000+),"Fashion knowledge, e-commerce skills","Idea: Online travel planning and itinerary creation. Description: Curate personalized travel itineraries, charging for customized plans or earning commissions through affiliate partnerships.. Category: Miscellaneous. Investment: High ($2000+)($2000+). Skills: Fashion knowledge, e-commerce skills"
Outdoor gear online store,"Provide outdoor and adventure gear for sale online, catering to outdoor enthusiasts and adventurers to generate income through the sale of gear and equipment.",E-Commerce and Sales,Medium ($500-$2000)($500-$2000),"Digital product creation skills, e-commerce abilities","Idea: Outdoor gear online store. Description: Provide outdoor and adventure gear for sale online, catering to outdoor enthusiasts and adventurers to generate income through the sale of gear and equipment.. Category: E-Commerce and Sales. Investment: Medium ($500-$2000)($500-$2000). Skills: Digital product creation skills, e-commerce abilities"
Party styling services,"Provide bespoke party decor and theme styling services for events, charging clients based on the scope of the event, design complexity, and materials used.",Creative Services,High ($2000+)($2000+),"Curation skills, aesthetic sense","Idea: Party styling services. Description: Provide bespoke party decor and theme styling services for events, charging clients based on the scope of the event, design complexity, and materials used.. Category: Creative Services. Investment: High ($2000+)($2000+). Skills: Curation skills, aesthetic sense"
Personal chef and meal prep,"Prepare customized meals for clients, including meal planning, grocery shopping, and meal preparation, charging for grocery costs, cooking time, and meal packages.",Home and Lifestyle Services,High ($2000+)($2000+),"Food knowledge, e-commerce skills","Idea: Personal chef and meal prep. Description: Prepare customized meals for clients, including meal planning, grocery shopping, and meal preparation, charging for grocery costs, cooking time, and meal packages.. Category: Home and Lifestyle Services. Investment: High ($2000+)($2000+). Skills: Food knowledge, e-commerce skills"
Personal shopping and styling,"Offer personalized shopping services and wardrobe styling to help clients curate their wardrobe or find the perfect outfits, charging for shopping time, styling sessions, and styling advice.",Home and Lifestyle Services,High ($2000+)($2000+),"Beauty industry knowledge, e-commerce skills","Idea: Personal shopping and styling. Description: Offer personalized shopping services and wardrobe styling to help clients curate their wardrobe or find the perfect outfits, charging for shopping time, styling sessions, and styling advice.. Category: Home and Lifestyle Services. Investment: High ($2000+)($2000+). Skills: Beauty industry knowledge, e-commerce skills"
Personalized gift wrapping services,"Offer personalized gift wrapping services for special occasions, charging clients based on the size and intricacy of the wrapping design.",Creative Services,High ($2000+)($2000+),"Electronics knowledge, e-commerce abilities","Idea: Personalized gift wrapping services. Description: Offer personalized gift wrapping services for special occasions, charging clients based on the size and intricacy of the wrapping design.. Category: Creative Services. Investment: High ($2000+)($2000+). Skills: Electronics knowledge, e-commerce abilities"
Personalized gifts and keepsake creations,"Create personalized gifts and keepsake items for special occasions, selling them online or through local markets to generate income.",Creative Services,High ($2000+)($2000+),"Gardening knowledge, e-commerce skills","Idea: Personalized gifts and keepsake creations. Description: Create personalized gifts and keepsake items for special occasions, selling them online or through local markets to generate income.. Category: Creative Services. Investment: High ($2000+)($2000+). Skills: Gardening knowledge, e-commerce skills"
Pet products online store,"Provide pet products and accessories for sale online, catering to the pet owners' needs and preferences to generate revenue through product sales.",E-Commerce and Sales,High ($2000+)($2000+),"Wellness industry knowledge, e-commerce abilities","Idea: Pet products online store. Description: Provide pet products and accessories for sale online, catering to the pet owners' needs and preferences to generate revenue through product sales.. Category: E-Commerce and Sales. Investment: High ($2000+)($2000+). Skills: Wellness industry knowledge, e-commerce abilities"
Pet sitting and dog walking,"Care for pets while owners are away or provide daily dog walking services, charging per visit, per day, or per walk for pet care services.",Home and Lifestyle Services,High ($2000+)($2000+),"Pet care knowledge, e-commerce skills","Idea: Pet sitting and dog walking. Description: Care for pets while owners are away or provide daily dog walking services, charging per visit, per day, or per walk for pet care services.. Category: Home and Lifestyle Services. Investment: High ($2000+)($2000+). Skills: Pet care knowledge, e-commerce skills"
Photo editing and retouching services,"Provide artistic photo editing and retouching services for photographers or individuals, charging fees per image or project rates.",Creative Services,High ($2000+)($2000+),"E-commerce skills, vendor management abilities","Idea: Photo editing and retouching services. Description: Provide artistic photo editing and retouching services for photographers or individuals, charging fees per image or project rates.. Category: Creative Services. Investment: High ($2000+)($2000+). Skills: E-commerce skills, vendor management abilities"
Plant and garden online store,"Offer a selection of plants and garden accessories for sale online, utilizing the growing interest in gardening and houseplants to generate income.",E-Commerce and Sales,High ($2000+)($2000+),"Book knowledge, e-commerce skills","Idea: Plant and garden online store. Description: Offer a selection of plants and garden accessories for sale online, utilizing the growing interest in gardening and houseplants to generate income.. Category: E-Commerce and Sales. Investment: High ($2000+)($2000+). Skills: Book knowledge, e-commerce skills"
Podcast editing and production,Offer professional podcast editing services to enhance audio quality for podcasters; charge per episode or monthly packages.,Miscellaneous,High ($2000+)($2000+),"Sustainability knowledge, e-commerce abilities","Idea: Podcast editing and production. Description: Offer professional podcast editing services to enhance audio quality for podcasters; charge per episode or monthly packages.. Category: Miscellaneous. Investment: High ($2000+)($2000+). Skills: Sustainability knowledge, e-commerce abilities"
Print-on-demand shop,"Create custom-designed products that are only printed or manufactured when ordered, eliminating inventory costs and allowing you to earn a profit on every sale.",E-Commerce and Sales,High ($2000+)($2000+),"Outdoor activity knowledge, e-commerce skills","Idea: Print-on-demand shop. Description: Create custom-designed products that are only printed or manufactured when ordered, eliminating inventory costs and allowing you to earn a profit on every sale.. Category: E-Commerce and Sales. Investment: High ($2000+)($2000+). Skills: Outdoor activity knowledge, e-commerce skills"
Public speaking coaching,"Assist individuals in improving their public speaking and presentation skills through individual coaching sessions, providing tips, techniques, and feedback to help them communicate effectively, and charging for coaching packages.",Education and Tutoring,Medium ($500-$2000)($500-$2000),"Organizational skills, interpersonal abilities","Idea: Public speaking coaching. Description: Assist individuals in improving their public speaking and presentation skills through individual coaching sessions, providing tips, techniques, and feedback to help them communicate effectively, and charging for coaching packages.. Category: Education and Tutoring. Investment: Medium ($500-$2000)($500-$2000). Skills: Organizational skills, interpersonal abilities"
Rental property management,"Manage vacation rental properties on platforms like Airbnb, handling guest communication, bookings, and property maintenance, charging a percentage of booking fees or a flat management fee.",Home and Lifestyle Services,Medium ($500-$2000)($500-$2000),"Interior design knowledge, visualization skills","Idea: Rental property management. Description: Manage vacation rental properties on platforms like Airbnb, handling guest communication, bookings, and property maintenance, charging a percentage of booking fees or a flat management fee.. Category: Home and Lifestyle Services. Investment: Medium ($500-$2000)($500-$2000). Skills: Interior design knowledge, visualization skills"
Resume writing and editing services,"Craft professional resumes for clients seeking job opportunities, charging a fee per resume or package.",Miscellaneous,High ($2000+)($2000+),"Interior design skills, real estate knowledge","Idea: Resume writing and editing services. Description: Craft professional resumes for clients seeking job opportunities, charging a fee per resume or package.. Category: Miscellaneous. Investment: High ($2000+)($2000+). Skills: Interior design skills, real estate knowledge"
Search engine optimization (SEO),"Monetize your expertise in SEO by offering services to improve clients' search engine ranking and visibility, charging fees based on the scope of work, project complexity, and results achieved.",Business Services,Medium ($500-$2000)($500-$2000),"Fashion knowledge, interpersonal skills","Idea: Search engine optimization (SEO). Description: Monetize your expertise in SEO by offering services to improve clients' search engine ranking and visibility, charging fees based on the scope of work, project complexity, and results achieved.. Category: Business Services. Investment: Medium ($500-$2000)($500-$2000). Skills: Fashion knowledge, interpersonal skills"
Social media advertising,"Earn revenue through social media advertising services by managing and optimizing clients' social media ad campaigns, charging fees based on ad spend, results achieved, and ongoing management.",Business Services,Medium ($500-$2000)($500-$2000),"Cleaning skills, attention to detail","Idea: Social media advertising. Description: Earn revenue through social media advertising services by managing and optimizing clients' social media ad campaigns, charging fees based on ad spend, results achieved, and ongoing management.. Category: Business Services. Investment: Medium ($500-$2000)($500-$2000). Skills: Cleaning skills, attention to detail"
Social media management,"By offering social media management services, you can charge clients a monthly fee for creating and implementing engaging social media strategies that help grow their online presence and reach a wider audience.",Business Services,High ($2000+)($2000+),"Cooking skills, menu planning abilities","Idea: Social media management. Description: By offering social media management services, you can charge clients a monthly fee for creating and implementing engaging social media strategies that help grow their online presence and reach a wider audience.. Category: Business Services. Investment: High ($2000+)($2000+). Skills: Cooking skills, menu planning abilities"
Specialty food online store,"Offer gourmet or specialty food items for purchase online, leveraging the exclusivity and quality of the products to attract customers and generate revenue.",E-Commerce and Sales,Low ($0-$500)($0-$500),"Pet care knowledge, reliability","Idea: Specialty food online store. Description: Offer gourmet or specialty food items for purchase online, leveraging the exclusivity and quality of the products to attract customers and generate revenue.. Category: E-Commerce and Sales. Investment: Low ($0-$500)($0-$500). Skills: Pet care knowledge, reliability"
STEM education workshops,"Provide hands-on STEM (Science, Technology, Engineering, Mathematics) workshops for kids, engaging them in interactive learning experiences and charging a fee for workshops or classes.",Education and Tutoring,Medium ($500-$2000)($500-$2000),"Gardening skills, plant knowledge","Idea: STEM education workshops. Description: Provide hands-on STEM (Science, Technology, Engineering, Mathematics) workshops for kids, engaging them in interactive learning experiences and charging a fee for workshops or classes.. Category: Education and Tutoring. Investment: Medium ($500-$2000)($500-$2000). Skills: Gardening skills, plant knowledge"
Study skills coaching,"Offer guidance and strategies to help students improve their study habits, time management skills, and organization techniques, providing personalized coaching sessions for a fee.",Education and Tutoring,Medium ($500-$2000)($500-$2000),"Handyman skills, problem-solving abilities","Idea: Study skills coaching. Description: Offer guidance and strategies to help students improve their study habits, time management skills, and organization techniques, providing personalized coaching sessions for a fee.. Category: Education and Tutoring. Investment: Medium ($500-$2000)($500-$2000). Skills: Handyman skills, problem-solving abilities"
Subscription box service,"Offer monthly curated boxes of products to subscribers, charging a subscription fee that covers the cost of the products and shipping while leaving a margin for profit.",E-Commerce and Sales,Low ($0-$500)($0-$500),"Organizational skills, attention to detail","Idea: Subscription box service. Description: Offer monthly curated boxes of products to subscribers, charging a subscription fee that covers the cost of the products and shipping while leaving a margin for profit.. Category: E-Commerce and Sales. Investment: Low ($0-$500)($0-$500). Skills: Organizational skills, attention to detail"
Sustainable products online shop,"Offer eco-friendly and sustainable products for sale, tapping into the growing demand for environmentally conscious products to make a profit on each sale.",E-Commerce and Sales,High ($2000+)($2000+),"Property management knowledge, interpersonal skills","Idea: Sustainable products online shop. Description: Offer eco-friendly and sustainable products for sale, tapping into the growing demand for environmentally conscious products to make a profit on each sale.. Category: E-Commerce and Sales. Investment: High ($2000+)($2000+). Skills: Property management knowledge, interpersonal skills"
"Test prep tutoring (e.g., SAT, ACT, GMAT)","Provide targeted test preparation assistance for standardized exams, offering personalized study plans and practice sessions to help students improve their test scores, and charge a fee for services.",Education and Tutoring,Low ($0-$500)($0-$500),"Caregiving skills, patience, empathy","Idea: Test prep tutoring (e.g., SAT, ACT, GMAT). Description: Provide targeted test preparation assistance for standardized exams, offering personalized study plans and practice sessions to help students improve their test scores, and charge a fee for services.. Category: Education and Tutoring. Investment: Low ($0-$500)($0-$500). Skills: Caregiving skills, patience, empathy"
Typography and logo design services,"Provide typography and logo design services for businesses and individuals, charging fees based on project scope, complexity, and usage rights.",Creative Services,Low ($0-$500)($0-$500),"Organizational skills, coaching abilities","Idea: Typography and logo design services. Description: Provide typography and logo design services for businesses and individuals, charging fees based on project scope, complexity, and usage rights.. Category: Creative Services. Investment: Low ($0-$500)($0-$500). Skills: Organizational skills, coaching abilities"
UX/UI design services,"Earn income through UX/UI design services, charging clients for creating user-friendly and visually appealing designs for digital products, websites, and apps.",Business Services,Medium ($500-$2000)($500-$2000),"Eco-friendly cleaning knowledge, cleaning skills","Idea: UX/UI design services. Description: Earn income through UX/UI design services, charging clients for creating user-friendly and visually appealing designs for digital products, websites, and apps.. Category: Business Services. Investment: Medium ($500-$2000)($500-$2000). Skills: Eco-friendly cleaning knowledge, cleaning skills"
Vintage and used online bookstore,"Sell second-hand books or vintage literary treasures online, appealing to book enthusiasts and collectors to generate revenue through book sales.",E-Commerce and Sales,Low ($0-$500)($0-$500),"Assembly skills, attention to detail","Idea: Vintage and used online bookstore. Description: Sell second-hand books or vintage literary treasures online, appealing to book enthusiasts and collectors to generate revenue through book sales.. Category: E-Commerce and Sales. Investment: Low ($0-$500)($0-$500). Skills: Assembly skills, attention to detail"
Vintage clothing store,"Curate and sell vintage and pre-loved clothing items at a higher price point, leveraging the nostalgia and uniqueness of vintage pieces to make a profit.",E-Commerce and Sales,Medium ($500-$2000)($500-$2000),"Laundry care knowledge, attention to detail","Idea: Vintage clothing store. Description: Curate and sell vintage and pre-loved clothing items at a higher price point, leveraging the nostalgia and uniqueness of vintage pieces to make a profit.. Category: E-Commerce and Sales. Investment: Medium ($500-$2000)($500-$2000). Skills: Laundry care knowledge, attention to detail"
Virtual assistant services,"Make money by offering virtual assistant services focused on digital tasks, charging clients for tasks such as email management, social media scheduling, website updates, and other digital administrative tasks.",Business Services,Medium ($500-$2000)($500-$2000),"IT knowledge, problem-solving skills","Idea: Virtual assistant services. Description: Make money by offering virtual assistant services focused on digital tasks, charging clients for tasks such as email management, social media scheduling, website updates, and other digital administrative tasks.. Category: Business Services. Investment: Medium ($500-$2000)($500-$2000). Skills: IT knowledge, problem-solving skills"
Virtual event hosting and MC services,Facilitate engaging online events by hosting and serving as the master of ceremonies; monetize through flat fees or hourly rates.,Miscellaneous,Medium ($500-$2000)($500-$2000),"Window cleaning skills, safety awareness","Idea: Virtual event hosting and MC services. Description: Facilitate engaging online events by hosting and serving as the master of ceremonies; monetize through flat fees or hourly rates.. Category: Miscellaneous. Investment: Medium ($500-$2000)($500-$2000). Skills: Window cleaning skills, safety awareness"
Virtual event planning,"Generate income by planning and managing virtual events for companies or organizations, charging fees for event planning, coordination, and execution.",Business Services,Medium ($500-$2000)($500-$2000),"Decorating skills, holiday knowledge","Idea: Virtual event planning. Description: Generate income by planning and managing virtual events for companies or organizations, charging fees for event planning, coordination, and execution.. Category: Business Services. Investment: Medium ($500-$2000)($500-$2000). Skills: Decorating skills, holiday knowledge"
Virtual organization sessions,"Assist clients with home organization and decluttering virtually through video consultations, offering personalized tips and strategies for organizing spaces, charging a fee for virtual organizing sessions.",Home and Lifestyle Services,Low ($0-$500)($0-$500),"Writing skills, knowledge of job market trends","Idea: Virtual organization sessions. Description: Assist clients with home organization and decluttering virtually through video consultations, offering personalized tips and strategies for organizing spaces, charging a fee for virtual organizing sessions.. Category: Home and Lifestyle Services. Investment: Low ($0-$500)($0-$500). Skills: Writing skills, knowledge of job market trends"
Webinar creation and management,"Monetize your expertise by creating and hosting webinars on various topics, charging participants for access, offering sponsorship opportunities, or promoting products and services during the webinar.",Business Services,Low ($0-$500)($0-$500),"Public speaking skills, charisma","Idea: Webinar creation and management. Description: Monetize your expertise by creating and hosting webinars on various topics, charging participants for access, offering sponsorship opportunities, or promoting products and services during the webinar.. Category: Business Services. Investment: Low ($0-$500)($0-$500). Skills: Public speaking skills, charisma"
Website development and maintenance,"Generate income by offering website development and maintenance services, charging clients for website design, development, updates, and ongoing maintenance on a project basis or through retainer agreements.",Business Services,Low ($0-$500)($0-$500),"Travel industry knowledge, planning skills","Idea: Website development and maintenance. Description: Generate income by offering website development and maintenance services, charging clients for website design, development, updates, and ongoing maintenance on a project basis or through retainer agreements.. Category: Business Services. Investment: Low ($0-$500)($0-$500). Skills: Travel industry knowledge, planning skills"
Wellness products online shop,"Sell a range of wellness and self-care products, leveraging the trend towards self-care and mindfulness to attract customers and earn a profit on each sale.",E-Commerce and Sales,Low ($0-$500)($0-$500),"Research skills, data analysis abilities","Idea: Wellness products online shop. Description: Sell a range of wellness and self-care products, leveraging the trend towards self-care and mindfulness to attract customers and earn a profit on each sale.. Category: E-Commerce and Sales. Investment: Low ($0-$500)($0-$500). Skills: Research skills, data analysis abilities"
Window cleaning and maintenance,"Clean and maintain windows for residential properties, including exterior and interior window cleaning, charging per window or by the job for window cleaning services.",Home and Lifestyle Services,Medium ($500-$2000)($500-$2000),"Audio editing skills, storytelling abilities","Idea: Window cleaning and maintenance. Description: Clean and maintain windows for residential properties, including exterior and interior window cleaning, charging per window or by the job for window cleaning services.. Category: Home and Lifestyle Services. Investment: Medium ($500-$2000)($500-$2000). Skills: Audio editing skills, storytelling abilities"
